timestamp, p_WS_W_x, p_WS_W_y, p_WS_W_z, q_WS_x, q_WS_y, q_WS_z, q_WS_w, v_WS_W_x, v_WS_W_y, v_WS_W_z, b_g_x, b_g_y, b_g_z, b_a_x, b_a_y, b_a_z
1403636579813555456, -1.200756984222040178e-17, 1.370102243063143495e-17, 1.286628595117577470e-16, -4.674907447371005886e-02, -8.134669588741860746e-01, 5.581780451341625151e-05, 5.797292710741867028e-01, 0.000000000000000000e+00, 0.000000000000000000e+00, 0.000000000000000000e+00, 0.000000000000000000e+00, 0.000000000000000000e+00, 0.000000000000000000e+00, -5.000000000000000278e-02, 8.999999999999999667e-02, 1.000000000000000021e-02, 
1403636579913555456, 7.677435199573901562e-16, -9.961430466284500979e-17, -4.355921606757999301e-16, -4.653146255280925236e-02, -8.172038246023871633e-01, -7.179419156594124855e-04, 5.744668977472358051e-01, 0.000000000000000000e+00, 0.000000000000000000e+00, 0.000000000000000000e+00, 0.000000000000000000e+00, 0.000000000000000000e+00, 0.000000000000000000e+00, -5.000000000000000278e-02, 8.999999999999999667e-02, 1.000000000000000021e-02, 
1403636579963555584, 1.301340669259432167e-03, -3.898505583980199510e-04, -3.219359787339678459e-03, -4.380514394835675895e-02, -8.155574668601998090e-01, -4.006339290020565977e-03, 5.770017997005998378e-01, 2.874789278800481823e-02, -6.228539677589828814e-03, -7.882104188049629534e-02, -2.390418066391877946e-04, 7.743984843019672930e-03, 9.342401801897371599e-03, -5.023462387324693912e-02, 8.998113816588682035e-02, 1.022321421851205003e-02, 
1403636580013555456, 5.570229239472739707e-03, -2.360343252156199556e-03, -2.892626998131571370e-02, -4.693796009572905742e-02, -8.096713634388974512e-01, 6.400546944167151376e-04, 5.850031636316481709e-01, 7.545576960210832740e-02, -3.074052185165459042e-02, -3.162994045431183898e-01, -1.859844731665653231e-03, 2.135297821246385716e-02, 3.975310900569136580e-02, -4.750821329242553570e-02, 8.984620652067439039e-02, 9.426581600838306041e-03, 
1403636580063555584, 8.708035901493424435e-03, -2.780930023858263489e-03, -6.943284701909405165e-02, -4.401178001936221357e-02, -8.273659789675721354e-01, -6.000448484446403372e-03, 5.599040048834657002e-01, 4.022554725637434575e-02, -1.599172271770713666e-02, -4.760553004753908524e-01, -3.948544862532809945e-03, 2.000093401041110400e-02, 5.555666019812057627e-02, -3.020077109403326854e-02, 8.915393799520250628e-02, 2.535582604486919488e-03, 
1403636580113555456, 4.215179473719987170e-03, -3.994373726056940979e-03, -1.013899070333555280e-01, -4.604060996628073221e-02, -8.243232411890134559e-01, -3.315552865554519373e-03, 5.642344046393910073e-01, 1.991179166166565789e-02, -2.639491947261975863e-02, -5.146420855132093353e-01, -4.807793229875075881e-03, 2.065241897839740701e-02, 6.276842229843568322e-02, 5.070066121914761775e-02, 8.551208705696053403e-02, -2.818843142527501650e-02, 
1403636580163555584, 4.660127791033602355e-03, -5.442234464543883182e-03, -1.280187890866599232e-01, -4.617745214345433946e-02, -8.236665700544459900e-01, -3.203570727705747859e-03, 5.651820604220167965e-01, 2.023104318081180714e-02, -2.817983923794242090e-02, -4.928971985337589068e-01, -4.103921757668407139e-03, 2.005477252028671845e-02, 6.519060386725034073e-02, 2.608936975313069090e-02, 8.694746970997080382e-02, -1.836884346679196200e-02, 
1403636580213555456, 5.261542980015118665e-03, -7.405427669107973038e-03, -1.526079442519227836e-01, -4.683144612479103047e-02, -8.239527258671258680e-01, -1.503716504404744095e-03, 5.647180358609668049e-01, 2.553760335805456416e-02, -2.691749407051480247e-02, -4.601511587382988155e-01, -3.230585982022352986e-03, 2.025799641632104395e-02, 6.831808365187089227e-02, 5.589128296638784348e-03, 8.780134618751886388e-02, -9.910765463465875252e-03, 
1403636580263555584, 6.220469845665900326e-03, -9.187106854651997181e-03, -1.745871186760939164e-01, -4.632091108034970539e-02, -8.246862767961236074e-01, -1.502292708217790092e-03, 5.636884433598516875e-01, 2.974517617580238818e-02, -3.360841569433694470e-02, -4.165083399842526291e-01, -2.714274076624013151e-03, 2.086908939184269063e-02, 7.059424912897648008e-02, -1.523857411823829021e-02, 8.874280498993834809e-02, -1.750824029962492340e-03, 
1403636580313555456, 8.059917201258979744e-03, -1.107494846548627392e-02, -1.950606376042762213e-01, -4.466016238574774949e-02, -8.275830568661038944e-01, -2.849496521069255425e-03, 5.595566407910912421e-01, 3.914279581186907997e-02, -3.428028403030037446e-02, -3.815332289480427574e-01, -2.739052188528011411e-03, 2.019459877419141694e-02, 7.099038401034107881e-02, -8.568452900555438220e-03, 8.819243405389043389e-02, -6.479216021776307635e-03, 
1403636580363555584, 1.029397549686292268e-02, -1.305409395992368493e-02, -2.131073346002910762e-01, -4.490785028934368706e-02, -8.311390547851149613e-01, -4.896372049033307543e-04, 5.542480643617108127e-01, 3.703047881423125048e-02, -2.791555463067990975e-02, -3.484632263062800162e-01, -2.802952284977399799e-03, 2.013979661519277320e-02, 7.090843752624584329e-02, -1.664397618997506129e-02, 8.736845652162808507e-02, -1.242352297795338038e-03, 
1403636580413555456, 1.231613888259212863e-02, -1.432476441523991735e-02, -2.295169319655084861e-01, -4.389649331746752620e-02, -8.343250215004721637e-01, -1.039318030581690621e-03, 5.495214064899545114e-01, 4.239449427489175998e-02, -2.295689686901877108e-02, -2.943189029068337681e-01, -2.976102895206381247e-03, 2.026697902379222954e-02, 7.117126918997553064e-02, -1.595521372568239893e-02, 8.933193022229872493e-02, 1.547651103539471849e-04, 
1403636580463555584, 1.378066837800899155e-02, -1.609525001697971469e-02, -2.418682079588085621e-01, -4.346737228192112251e-02, -8.389697418429840070e-01, -5.226514242877987500e-04, 5.424390165302551692e-01, 3.280640993113704412e-02, -2.562138386204444035e-02, -1.985453480901235301e-01, -2.623460883615473960e-03, 2.012742097254562740e-02, 7.200374351874160028e-02, -3.871404720890000289e-02, 9.034174928437181673e-02, 9.136518005373631818e-03, 
1403636580513555456, 1.534353242063606071e-02, -1.667925638784515871e-02, -2.483227698841791176e-01, -4.299789488339526150e-02, -8.437320182197869389e-01, -6.774006821882437059e-04, 5.350392542558699560e-01, 1.534845655693985872e-02, -2.163578537275362423e-02, -5.855031120764100233e-02, -2.804566181403043718e-03, 1.955205239741431011e-02, 7.251225769399249899e-02, -4.086175907925892331e-02, 8.939018224545328128e-02, 1.386091691433910013e-02, 
1403636580563555584, 1.665684743527245243e-02, -1.775541418689499315e-02, -2.466785824108393144e-01, -4.347332732359481672e-02, -8.477423334108541431e-01, 1.272891923760184618e-03, 5.286221577844485431e-01, -3.365929247516333473e-05, -8.480560749515728830e-03, 1.205809280232087166e-01, -2.462925645935470399e-03, 2.053958252434428741e-02, 7.374953131530653794e-02, -4.177292557301046094e-02, 8.909156339047195894e-02, 1.852493843260577880e-02, 
1403636580613555456, 1.635531474413100608e-02, -1.837808479933510791e-02, -2.361302525416472120e-01, -4.322453406461871511e-02, -8.486299036450414279e-01, 2.932407685999457916e-03, 5.272099461120469677e-01, -1.101757743916451093e-02, -7.677345702062850046e-03, 3.018932834883448213e-01, -2.401278360994321855e-03, 2.096408616343184428e-02, 7.394886566717866205e-02, -3.540567334359002311e-02, 9.038884757173530626e-02, 1.366201765362968709e-02, 
1403636580663555584, 1.576461406694112596e-02, -1.828623885530589882e-02, -2.167544481059330841e-01, -4.322435679933943342e-02, -8.482213820291906181e-01, 3.061757173965511721e-03, 5.278662403400895542e-01, -2.929788616836180581e-02, -4.254330316875549849e-03, 4.613431653117358033e-01, -2.602268423984951777e-03, 2.129210919453630377e-02, 7.351315883503686810e-02, -4.317528314894287372e-02, 9.177741359662211496e-02, 2.725116287752985672e-02, 
1403636580713555456, 1.395194730570827046e-02, -1.817470726659615662e-02, -1.900070942323027756e-01, -4.252687448883939875e-02, -8.462237240188213994e-01, 1.097959661795066145e-03, 5.311267912076261810e-01, -4.372407615944418069e-02, 1.455701106958092426e-02, 5.897742657270186317e-01, -2.800695646694281640e-03, 2.151813244811535270e-02, 7.402013409089083784e-02, -4.580135215683351496e-02, 9.202107015145190305e-02, 3.257817474715252876e-02, 
1403636580763555584, 1.064722176545404748e-02, -1.775224891147336725e-02, -1.576615558357614966e-01, -4.113212626840467845e-02, -8.435942965354034095e-01, -2.799028622576256019e-03, 5.353960930753490777e-01, -6.673901199742951484e-02, 2.585600527636176815e-02, 6.970316897280849355e-01, -2.680813883243315064e-03, 2.170520274864883373e-02, 7.533641449552599956e-02, -4.630423031467444106e-02, 9.231426836890935239e-02, 3.804693357676881132e-02, 
1403636580813555456, 7.690423074599328501e-03, -1.662685553520776294e-02, -1.215327058741865057e-01, -4.033974403100890060e-02, -8.396872837580757754e-01, -7.689550149022175533e-03, 5.415153196032437277e-01, -5.639650393520406063e-02, 2.256615432305240920e-02, 7.612959433605585025e-01, -3.054081282615668438e-03, 2.147932521904296135e-02, 7.532364693987061988e-02, -4.617464784555048996e-02, 9.412300625267963627e-02, 3.275613984944260315e-02, 
1403636580863555584, 3.744723708465544625e-03, -1.545270225475046250e-02, -8.187942405181591887e-02, -4.049859058547825713e-02, -8.358533482738624842e-01, -1.393111976021173780e-02, 5.472796070037597715e-01, -7.346079901133142909e-02, 2.873419261313302567e-02, 8.109985962987451558e-01, -2.993458569199372154e-03, 2.135279782347238031e-02, 7.543861618168005989e-02, -6.033273521328464534e-02, 9.099956063640682324e-02, 3.256181428912299780e-02, 
1403636580913555456, -2.219787452629559297e-04, -1.500841388640496328e-02, -4.245121244988937087e-02, -4.028990923639467342e-02, -8.317132269753989560e-01, -2.096137576878983472e-02, 5.533447858377010808e-01, -7.110116026054696947e-02, 7.559895903476602846e-04, 7.928257360325979830e-01, -2.981771369841334455e-03, 2.136768817944767473e-02, 7.593755808781968430e-02, -4.941668165251617006e-02, 9.424164750268786139e-02, 2.501809095838227262e-02, 
1403636580963555584, -4.303873003936735213e-03, -1.515812268308552001e-02, -3.412824441042536759e-03, -3.991166083803826536e-02, -8.277212870912922238e-01, -2.419502799057538303e-02, 5.591950740534284980e-01, -6.891472406587494104e-02, -6.307035024989231936e-03, 7.629787438234082453e-01, -2.996302922312591918e-03, 2.171199017330088452e-02, 7.596026193850285990e-02, -4.559191273879730638e-02, 9.402065495347823598e-02, 2.713991491299583975e-02, 
1403636581013555456, -6.449660712827725087e-03, -1.527985910912965824e-02, 3.310680871581666435e-02, -3.872112748502466728e-02, -8.233750180554879616e-01, -2.539598522012820325e-02, 5.656052491474177213e-01, -4.834979644912914404e-02, -1.191671245978639243e-02, 7.042330406539466514e-01, -3.078302659085395843e-03, 2.125839798687052459e-02, 7.620185458074123230e-02, -4.419433703599193186e-02, 9.197044416024943714e-02, 2.518888536982669124e-02, 
1403636581063555584, -8.790184174734018419e-03, -1.549026715759380286e-02, 6.786879081110912260e-02, -3.859305431089965488e-02, -8.197145525384058606e-01, -2.463125484571679347e-02, 5.709395150105152084e-01, -4.174150517596599691e-02, 5.369986553475794913e-03, 6.735009365298747497e-01, -3.171331136050949042e-03, 2.124708852065886402e-02, 7.615361115428043171e-02, -5.063227670562663735e-02, 8.903755146104190554e-02, 3.046942059524129429e-02, 
1403636581113555456, -1.030250374281333620e-02, -1.515722955065049692e-02, 9.963920319511541945e-02, -3.944124582819446417e-02, -8.154583728316441293e-01, -2.474605083002918982e-02, 5.769399130538682696e-01, -3.501239428249368346e-02, 8.530721212062754299e-03, 6.146057589643982855e-01, -3.130976847934778540e-03, 2.083157309790830206e-02, 7.627192804769676593e-02, -5.080310199328692822e-02, 9.223893102543011258e-02, 2.258053331360644275e-02, 
1403636581163555584, -1.191561028575493543e-02, -1.437160751346386149e-02, 1.297078185526624183e-01, -4.181155999479972685e-02, -8.107184870961484657e-01, -2.395528067191257313e-02, 5.834496316386390546e-01, -1.950147645458611204e-02, 2.082357325250113605e-02, 5.665610928122191137e-01, -3.187319948918259597e-03, 2.103206942804774007e-02, 7.643084946036718397e-02, -6.165657148907936758e-02, 8.643498584074033042e-02, 2.222512162205218106e-02, 
1403636581213555456, -1.314130122064878677e-02, -1.322016814963724966e-02, 1.562742575357002617e-01, -4.340257591054905856e-02, -8.060317750286747351e-01, -2.345473862467255949e-02, 5.898125713177885254e-01, -1.095528114611038842e-02, 2.234600250397247162e-02, 4.946334896637501477e-01, -3.229109543336737987e-03, 2.116833835811081713e-02, 7.668107733999413034e-02, -5.841140995988736845e-02, 8.687964254625971106e-02, 2.215400406087470950e-02, 
1403636581263555584, -1.448761252962364396e-02, -1.233808811383668540e-02, 1.789536406909870425e-01, -4.543453649260056904e-02, -8.009858123123126949e-01, -2.229385150647006375e-02, 5.965403721066115938e-01, 4.421789956862448405e-03, 2.067109733617178424e-02, 4.159502236716036694e-01, -3.046833794282150995e-03, 2.175651751987685290e-02, 7.670565012549010464e-02, -5.383275994661790992e-02, 9.241426801985613837e-02, 2.454694787051507621e-02, 
1403636581313555456, -1.610362623037621399e-02, -1.217863243332182287e-02, 1.987804032910664431e-01, -4.434811539113234224e-02, -7.973786575983036196e-01, -2.298035988964214002e-02, 6.014086997436306481e-01, 7.288414048915958093e-03, 3.632918477083521298e-03, 2.739435703922326049e-01, -2.701522027466713837e-03, 2.289690677481975162e-02, 7.750122313312021727e-02, -4.866586708145691914e-02, 9.669149781801522625e-02, 3.484548976758714001e-02, 
1403636581363555584, -1.402933042486102094e-02, -1.132069666144451016e-02, 2.078975421406341895e-01, -4.447230024545723026e-02, -7.936398896021864546e-01, -2.358300291608711116e-02, 6.063017253122137129e-01, 3.378797429006173692e-02, 1.571873752104153629e-02, 1.004409245869921086e-01, -3.012876409742906107e-03, 2.172942081198468017e-02, 7.706294431924783084e-02, -4.565143496667384282e-02, 9.193696044610201457e-02, 3.360660793765730958e-02, 
1403636581413555456, -1.222282512154962246e-02, -9.821360233729195185e-03, 2.075339853779192556e-01, -4.380286173166203501e-02, -7.929068519599996590e-01, -2.675730540019579523e-02, 6.071771405666726018e-01, 3.966536947365850024e-02, 2.385234008297030042e-02, -8.261998207924418913e-02, -3.046186645428709382e-03, 2.166531786150660208e-02, 7.690403064893455709e-02, -4.678935130761143618e-02, 9.019451279295741253e-02, 3.127380700031781591e-02, 
1403636581463555584, -1.002403268506280726e-02, -8.912715643664633619e-03, 1.978268309677827519e-01, -4.204439505408169575e-02, -7.941302251107345000e-01, -2.966388329904476318e-02, 6.055654452144136890e-01, 3.572688404535334650e-02, 2.001634582552979519e-02, -2.580870696036610679e-01, -3.071176840328781067e-03, 2.148401145611000124e-02, 7.707172193048537900e-02, -5.203614930575326675e-02, 8.721003607942380553e-02, 2.415984562033219457e-02, 
1403636581513555456, -7.926284016765495696e-03, -7.439033278145925840e-03, 1.797772287849459250e-01, -4.097243095571134058e-02, -7.975848676464869502e-01, -3.172008584043647939e-02, 6.009771001936687895e-01, 3.057350135404755462e-02, 2.180415702120760274e-02, -4.082676530356387223e-01, -3.206093026466688353e-03, 2.163502603892583989e-02, 7.689070264861833093e-02, -4.521680839145560127e-02, 8.768121425589153750e-02, 2.965568300747816258e-02, 
1403636581563555584, -6.893226686551708407e-03, -6.453558230953133218e-03, 1.556133673358962577e-01, -4.243970048841490955e-02, -8.011983773329430791e-01, -3.124331129412850211e-02, 5.960737265480595681e-01, 1.885121736967123457e-02, 1.057140834513342967e-02, -5.367477928808375154e-01, -3.332100022257169364e-03, 2.153440696344467720e-02, 7.682970353306062261e-02, -4.500697244399545077e-02, 8.804557847860951247e-02, 2.953240243800716106e-02, 
1403636581613555456, -5.566659321493801910e-03, -6.236171462444251717e-03, 1.269661592978375553e-01, -4.286852623148672964e-02, -8.048171617638542052e-01, -2.970628917514325090e-02, 5.912268278525232290e-01, 1.719693835456925432e-02, 1.092764376044104424e-02, -5.955635101587772873e-01, -3.265854559933763744e-03, 2.136895534074404607e-02, 7.688036925980937242e-02, -5.159409031126380163e-02, 8.541003605805784493e-02, 2.323949120570065890e-02, 
1403636581663555584, -4.751265439443462697e-03, -5.779952664142482856e-03, 9.610602308537789795e-02, -4.430497060986351293e-02, -8.075071175338464080e-01, -2.788867596593340437e-02, 5.875300387761507315e-01, 1.930749704665474936e-02, 2.288223881326015285e-02, -6.339802459533994128e-01, -3.187184577301774117e-03, 2.146983564244480530e-02, 7.704995360955176065e-02, -5.669908780005800120e-02, 8.153125905606371793e-02, 1.619450809092374405e-02, 
1403636581713555456, -4.402837412634127111e-03, -4.445813494335806512e-03, 6.346689054961210386e-02, -4.275599829512512912e-02, -8.099326587521041843e-01, -2.816467289727352802e-02, 5.842839755607922569e-01, 1.780974254206575680e-02, 2.215944812645272502e-02, -6.570750998314416336e-01, -3.157566610808515417e-03, 2.196678928419891139e-02, 7.688753109489029902e-02, -5.362151186866345731e-02, 8.273925826635036840e-02, 1.789462851459236101e-02, 
1403636581763555584, -2.982241656502657417e-03, -3.217870442627505240e-03, 2.959595995603664029e-02, -4.331330786194459437e-02, -8.109956107052886942e-01, -2.613417229018305879e-02, 5.828611170918157613e-01, 3.015189674997987776e-02, 1.693350491876397315e-02, -6.698335170599053479e-01, -3.104897576378307621e-03, 2.190850315481500388e-02, 7.705837686700285627e-02, -4.832079917441309269e-02, 8.023148353439249481e-02, 2.428240901943275534e-02, 
1403636581813555456, -7.413044697559391469e-04, -2.689551579572525483e-03, -4.780935667054446447e-03, -4.191167323131715639e-02, -8.119670930854782087e-01, -2.312414548750621121e-02, 5.817371616879418728e-01, 5.762163388354094723e-02, 1.085264365000057152e-03, -6.865706687799820740e-01, -3.104894855509325678e-03, 2.174514762318338970e-02, 7.703275966830792909e-02, -4.412735942738321010e-02, 8.644601238193624915e-02, 2.753444490733938932e-02, 
1403636581863555584, 1.701942697050145810e-03, -2.426756992206552128e-03, -3.856125423238267180e-02, -4.174977216043079808e-02, -8.131441700998712774e-01, -2.201442351562507907e-02, 5.801455682106161360e-01, 5.149686635537699397e-02, 1.438757875873944913e-03, -6.784084595822112984e-01, -3.014632448743140465e-03, 2.181690445768484643e-02, 7.700295420732829188e-02, -5.250150442396422923e-02, 8.611831057345302465e-02, 1.917231472717031635e-02, 
1403636581913555456, 4.266800673957541097e-03, -3.266726778215183011e-03, -7.269126150861157654e-02, -4.276641048096849890e-02, -8.160827539753227056e-01, -1.892939825049013564e-02, 5.760396259637877714e-01, 5.329441499686075889e-02, -1.682335511921463633e-02, -6.612838571271330013e-01, -3.022221984988428777e-03, 2.180135224567777627e-02, 7.706530443891405902e-02, -4.440182963735730265e-02, 8.830432629748087570e-02, 2.531352994226698794e-02, 
1403636581963555584, 6.680443463637658098e-03, -4.319684104102432254e-03, -1.050727676173677377e-01, -4.525379082610964804e-02, -8.200488303062888340e-01, -1.983490566698417959e-02, 5.701566336072364516e-01, 4.405303387454616304e-02, -2.163901026270789729e-02, -6.287665874084426010e-01, -2.791820245050516316e-03, 2.195771148367238468e-02, 7.721922350251143874e-02, -4.521553427439455042e-02, 8.943778019145091907e-02, 2.888379269625572510e-02, 
1403636582013555456, 8.535174201260240651e-03, -4.439876303846813747e-03, -1.354489845056796038e-01, -4.784009185040362377e-02, -8.246112120979898208e-01, -1.961703361650081121e-02, 5.633319150253413010e-01, 3.720490730619459285e-02, -8.955778044938973725e-03, -5.814410931107492075e-01, -3.149990154103064158e-03, 2.203395030420425213e-02, 7.689316303251066131e-02, -4.549265126588520475e-02, 8.109382852162701216e-02, 2.798337748848607476e-02, 
1403636582063555584, 1.052252420119591594e-02, -5.569096768053846160e-03, -1.627281741847402541e-01, -4.850749916219212338e-02, -8.293145965785639895e-01, -2.115882651109469992e-02, 5.562702818661421356e-01, 3.735781401731917001e-02, -2.655487963820764644e-02, -4.971905674168611844e-01, -3.093443187937188355e-03, 2.202875988426238399e-02, 7.701900636076612627e-02, -4.321271276862645450e-02, 8.565688295739501412e-02, 3.002146467958264134e-02, 
1403636582113555456, 1.192210843477816383e-02, -6.896451048596954209e-03, -1.847481924909928630e-01, -4.792619733216960803e-02, -8.340969379995124555e-01, -2.098950710569048167e-02, 5.491309663646513073e-01, 3.781441192741795410e-02, -3.163125129415714221e-02, -3.872495460678673784e-01, -3.001981142435266627e-03, 2.207801382727214018e-02, 7.695885866820237342e-02, -4.712245486533923888e-02, 8.774206194204119125e-02, 2.887556799371376534e-02, 
1403636582163555584, 1.359453462905757526e-02, -8.727211254162854301e-03, -2.004270935837296208e-01, -4.718954347396161347e-02, -8.379228574289082632e-01, -1.927072737512649375e-02, 5.434032306228280262e-01, 2.988783356829472979e-02, -3.985468546789599359e-02, -2.402486826963156352e-01, -3.012658397295979191e-03, 2.201447467741748584e-02, 7.706263500869815763e-02, -5.095494575483520971e-02, 7.956191521945210621e-02, 2.387794443847569489e-02, 
1403636582213555456, 1.525543359607197356e-02, -1.045199066616722683e-02, -2.082993827612864557e-01, -4.585062361458665248e-02, -8.411855340349565502e-01, -1.799334024092669182e-02, 5.384987069171593976e-01, 1.438563715072249671e-02, -2.586241141566648569e-02, -7.700404013382956825e-02, -2.963936520641606565e-03, 2.196483011335566976e-02, 7.710499759648022089e-02, -4.791512495256665394e-02, 7.420894116489573644e-02, 3.061334772022643660e-02, 
1403636582263555584, 1.447183428853020086e-02, -1.116085400205734345e-02, -2.080677777425809782e-01, -4.529549445737556662e-02, -8.431411376837737448e-01, -1.703088699167860931e-02, 5.355103071047750962e-01, -2.592923348393011765e-02, -1.236204106889935393e-02, 1.005956801536648376e-01, -2.976373534691770933e-03, 2.194544205959263888e-02, 7.698454683960458123e-02, -5.118352356332130787e-02, 7.360579126373485714e-02, 1.852026532816251903e-02, 
1403636582313555456, 1.385617928666444711e-02, -1.280564928448285449e-02, -1.980463543995298614e-01, -4.437086912527659494e-02, -8.437407968161159122e-01, -1.589131876708840471e-02, 5.346776222631879349e-01, -2.927533602269552851e-02, -2.933469645506519424e-02, 2.895406575734281174e-01, -3.025576791615683901e-03, 2.184628125110276223e-02, 7.702389945821602746e-02, -4.746548677655025583e-02, 8.316006746420542828e-02, 2.882390081014263652e-02, 
1403636582363555584, 1.268466842239574822e-02, -1.456422162030286856e-02, -1.793013530447918058e-01, -4.423968850886021015e-02, -8.423677306489522065e-01, -1.505847765868421721e-02, 5.368730749186220175e-01, -2.789683182975052911e-02, -3.426628797691851774e-02, 4.437377199128445526e-01, -2.823391718974647795e-03, 2.174701082357044860e-02, 7.728685663358708657e-02, -4.717705472687827584e-02, 7.831889499757790918e-02, 3.247877298825527920e-02, 
1403636582413555456, 1.174232142563167401e-02, -1.644586786971783537e-02, -1.546098867125182408e-01, -4.367096129201949312e-02, -8.385355495694375438e-01, -1.533388413220146754e-02, 5.428773814090366301e-01, -1.625294517543009187e-02, -2.817494535675916720e-02, 5.404349075538537051e-01, -2.661924725910704784e-03, 2.143989424538811014e-02, 7.762686080579334069e-02, -5.030616494030282909e-02, 6.949304430601428717e-02, 1.673161758053810788e-02, 
1403636582463555584, 9.812146721220747075e-03, -1.739400416442421146e-02, -1.259563899440930002e-01, -4.418223876768313102e-02, -8.345629295550837101e-01, -1.512392452452474001e-02, 5.489297890412656589e-01, -4.015865066938742456e-02, -1.618099429449991467e-02, 6.010799395323145333e-01, -2.734704841194369931e-03, 2.157556927089729348e-02, 7.741274296620312412e-02, -5.322519449116816515e-02, 7.423107122994597462e-02, 2.110650716097145496e-02, 
1403636582513555456, 7.016264732302020593e-03, -1.756499013833395448e-02, -9.432554179239245606e-02, -4.331256326404088475e-02, -8.312070808929702403e-01, -1.759343416948534050e-02, 5.539939364388476450e-01, -4.959847868778292229e-02, 2.842420783828698144e-03, 6.536735276091233393e-01, -2.716166322020229385e-03, 2.174995134813001788e-02, 7.747115107050460414e-02, -5.627434964506695947e-02, 6.895339967228653055e-02, 2.546741503188273276e-02, 
1403636582563555584, 4.759553779894324169e-03, -1.718014601111133785e-02, -6.167118637807966069e-02, -4.403110392424409297e-02, -8.280537444659240576e-01, -1.910252259311446404e-02, 5.585905045681983649e-01, -3.807269337440108425e-02, 8.449105438961303227e-03, 6.633837569096588949e-01, -2.897724382064567009e-03, 2.183304646656834824e-02, 7.734067774960663721e-02, -4.828657455551461919e-02, 7.700487011254487923e-02, 2.599241839568162613e-02, 
1403636582613555456, 3.071535168949811843e-03, -1.648973500119765498e-02, -2.822542673133135449e-02, -4.363314879185456463e-02, -8.261823329624677914e-01, -2.319587411078250297e-02, 5.612315497648352469e-01, -3.208635693406954037e-02, 1.410318367009109897e-02, 6.793966623241483038e-01, -2.909639945043032867e-03, 2.173027631058876280e-02, 7.732424105709516382e-02, -4.724162097116033771e-02, 7.916026368955765558e-02, 2.109987222334433130e-02, 
1403636582663555584, 1.669490947243084571e-03, -1.549719285511271319e-02, 5.723329088539712110e-03, -4.482096828681399886e-02, -8.248654965402415495e-01, -2.585573143620673378e-02, 5.629560147748240428e-01, -2.077614232180318918e-02, 1.753873255177671592e-02, 6.698219213648450854e-01, -2.945404474894835686e-03, 2.170516230585137554e-02, 7.739672807816155853e-02, -5.490069251007430318e-02, 6.987379166938285924e-02, 1.915962646451267390e-02, 
1403636582713555456, 2.463817766640039411e-04, -1.441951480876214019e-02, 3.960582346352983091e-02, -4.560090451520524418e-02, -8.235412344205912394e-01, -2.697251277227647945e-02, 5.647768375837960431e-01, -4.068335525889597848e-02, 3.041763685798867453e-02, 6.769441597046357284e-01, -2.926928936965691314e-03, 2.177282354576609569e-02, 7.762829210792947243e-02, -6.183182392004089867e-02, 7.014550115947847109e-02, 1.395816902870151109e-02, 
1403636582763555584, -1.212934941341649309e-03, -1.189125477156592614e-02, 7.404529062261329397e-02, -4.841824146917511618e-02, -8.213643029135256901e-01, -2.751506692110245594e-02, 5.676788501298407619e-01, -3.421009562091389261e-02, 4.868685763145322309e-02, 6.704343446170445420e-01, -2.992149398446412086e-03, 2.169959278568424701e-02, 7.753286308301519936e-02, -5.534860859698579466e-02, 6.981840517359319542e-02, 1.979721971145590592e-02, 
1403636582813555456, -3.632333065673153290e-03, -8.976091177568560828e-03, 1.069464131736976159e-01, -5.250299153643869787e-02, -8.183389314025668604e-01, -2.863554216670113894e-02, 5.716159855667517498e-01, -4.538876175675963381e-02, 6.570633335331861613e-02, 6.692130979008110714e-01, -2.968498102581893471e-03, 2.178410885647952613e-02, 7.751227596982170065e-02, -5.281594073950249962e-02, 7.478450755744348033e-02, 1.708952754086971379e-02, 
1403636582863555584, -6.074286389410795198e-03, -6.194726648495837984e-03, 1.398379365533852781e-01, -5.708793201099169462e-02, -8.143069940004873386e-01, -3.080115654763851407e-02, 5.767983844428890006e-01, -3.236320601488373166e-02, 5.453849807224405571e-02, 6.418887387517986376e-01, -3.026893652010304806e-03, 2.182937361647020388e-02, 7.759596644343420835e-02, -5.214960291149058763e-02, 8.088669360590532154e-02, 2.105749835606565354e-02, 
1403636582913555456, -6.672915322234082916e-03, -3.810931233977304586e-03, 1.698309470496268681e-01, -6.055676628453905697e-02, -8.093128904077733221e-01, -3.264345711455042542e-02, 5.833351765362568830e-01, -1.658468666213096243e-02, 4.530717263436044584e-02, 5.796972646904930970e-01, -3.028171951095936891e-03, 2.179627073174590646e-02, 7.759547225277642346e-02, -4.875875032751049443e-02, 7.229186161101246177e-02, 2.528743348460194690e-02, 
1403636582963555584, -6.705147259888733641e-03, -1.830451501132231498e-03, 1.978397528841455699e-01, -6.165801126767180007e-02, -8.039416453937158202e-01, -3.423787599325187059e-02, 5.905115479782181431e-01, 1.032619714802434675e-02, 2.919241283065764428e-02, 4.967878565241568012e-01, -3.011396616013015722e-03, 2.168355255227225400e-02, 7.763080357399938791e-02, -5.462519766932526916e-02, 7.479873955955743114e-02, 1.601910420044670019e-02, 
1403636583013555456, -5.267670135014403641e-03, -1.231569239053077313e-03, 2.191723851514256749e-01, -6.269175646568660165e-02, -7.988834801143781528e-01, -3.600505212951304185e-02, 5.971252507579446478e-01, 2.793582347939187541e-02, 1.518583381783174778e-02, 3.602292153964977151e-01, -3.020013604544319330e-03, 2.174584057325175054e-02, 7.759635791803391747e-02, -5.301369792219749744e-02, 7.653813924305202798e-02, 1.689367543217899781e-02, 
1403636583063555584, -5.437643896169743266e-03, 7.503676722168040785e-04, 2.314282691089839528e-01, -6.197093307177290594e-02, -7.958521106398085410e-01, -3.686662925934550139e-02, 6.011820631817202942e-01, 1.534134882893555332e-02, 1.532482508237094539e-02, 1.894426892907126458e-01, -3.080245647720978100e-03, 2.192344036615791192e-02, 7.755454631648754649e-02, -4.924960024861095575e-02, 7.527815784497814133e-02, 1.654395870317322201e-02, 
1403636583113555456, -5.737876019672167802e-03, 2.428291817392993091e-03, 2.387618175395745390e-01, -6.139116433896953107e-02, -7.945255320458751713e-01, -3.790526669647761859e-02, 6.029290958520692190e-01, 6.305178823797139703e-03, 2.746546624932835051e-02, 3.859916949144750337e-02, -3.115572430070586395e-03, 2.199589943327647998e-02, 7.744309450045779031e-02, -5.417641350809781348e-02, 7.437574565073003241e-02, 1.385507813830263828e-02, 
1403636583163555584, -5.218340708440099250e-03, 3.184854674017261258e-03, 2.364061406380513763e-01, -6.064631116932762273e-02, -7.944214098199167129e-01, -4.102817668624562930e-02, 6.029372581613210436e-01, 1.045920397531541202e-02, 1.808796493755956275e-02, -1.431337342628645481e-01, -3.092342689564638557e-03, 2.197273069227882736e-02, 7.752050280268987792e-02, -5.496079947222675538e-02, 7.473164239183875679e-02, 1.344108747237664041e-02, 
1403636583213555456, -4.434386003556071466e-03, 6.110604152950787835e-03, 2.270227469786663399e-01, -5.936698714982276137e-02, -7.950061388171604237e-01, -4.242920518967913113e-02, 6.021964485338275885e-01, 9.228713573123216787e-03, 1.424582067793782152e-02, -2.772508402003343031e-01, -3.230849387437441985e-03, 2.182805029192038879e-02, 7.739001998362489421e-02, -5.797524724342104779e-02, 7.324768227410718979e-02, 8.476742438645257921e-03, 
1403636583263555584, -3.636566243559592997e-03, 3.433544410700191483e-03, 2.078755721325908634e-01, -5.822980176083592668e-02, -7.964155088253735970e-01, -4.242117148315038833e-02, 6.004432293725295855e-01, 2.328536726078414380e-03, 5.754725072151683531e-03, -4.201092459951014102e-01, -3.133907838782659227e-03, 2.187888295994061191e-02, 7.747679859875258868e-02, -5.126509970270718558e-02, 7.690245764361167136e-02, 1.743687523727959279e-02, 
1403636583313555456, -4.605562193769708289e-03, 3.376792143364107032e-03, 1.839758353593695661e-01, -5.767389208712702525e-02, -7.977745838005030343e-01, -4.170664336121107652e-02, 5.987403373024048348e-01, -1.135503117152983008e-02, -3.370131699935710254e-03, -5.218466605029304928e-01, -3.088052591941314092e-03, 2.182495701355050347e-02, 7.757176210614497025e-02, -5.046186240826699976e-02, 7.407790434430393256e-02, 1.734820555368529402e-02, 
1403636583363555584, -6.081778435091523063e-03, 4.910753745233815103e-03, 1.563707024848568494e-01, -5.673319497357841301e-02, -7.991686440777934219e-01, -4.136347838212923317e-02, 5.969923664227896332e-01, -8.674022983497385944e-03, 1.385666661035980449e-02, -5.913507942052970145e-01, -3.089075884534734674e-03, 2.199772246174367188e-02, 7.753165781654597355e-02, -5.617758446236265774e-02, 7.078714606574793011e-02, 8.585137690842476604e-03, 
1403636583413555456, -6.811262099518052872e-03, 7.068208290215143887e-03, 1.257481518026714318e-01, -5.624962639989344176e-02, -8.006542098242828143e-01, -3.859234044229473137e-02, 5.952305831186027740e-01, -9.811652855021720659e-03, 3.940080547912699210e-02, -6.463018589184676976e-01, -3.220589087178713731e-03, 2.200186790774839515e-02, 7.735662326716379045e-02, -5.603295577376971037e-02, 7.540808010855853949e-02, 9.349404315971266907e-03, 
1403636583463555584, -4.537062567512963399e-03, 8.308024546074705211e-03, 8.968807527250753642e-02, -5.328596637111416429e-02, -8.027724360890635680e-01, -3.782650806825019890e-02, 5.926939994051649840e-01, 2.162163114513944787e-02, 1.774495472900933929e-02, -6.816210746295375822e-01, -3.294574534798209824e-03, 2.165531332939597819e-02, 7.724020578271620363e-02, -5.021010815412983719e-02, 7.142504495890729388e-02, 1.619578994261953314e-02, 
1403636583513555456, -3.547877180529603047e-03, 8.881754788959814531e-03, 5.540327843308450601e-02, -5.192895945534029695e-02, -8.046935562539242470e-01, -3.705655317278366140e-02, 5.902528911917763743e-01, 2.906872586047489979e-02, 2.549582575075222401e-02, -7.034395817280185703e-01, -3.211295268078251733e-03, 2.155991041941173955e-02, 7.730735663897937704e-02, -5.399014446105646070e-02, 6.730877790254351234e-02, 1.276805319303449260e-02, 
1403636583563555584, -2.309706223746395021e-03, 9.719992704978046641e-03, 1.858108719735129116e-02, -5.039923150586488737e-02, -8.075370352545213626e-01, -3.765193011949737045e-02, 5.864522029238468104e-01, 1.841064114260438159e-02, 1.348907960386748137e-02, -7.206509660558714225e-01, -3.155030115247594528e-03, 2.154770502723526993e-02, 7.739304083695118519e-02, -4.894579465858630435e-02, 7.053858803687762524e-02, 1.594944792762121449e-02, 
1403636583613555456, -1.590234663343876621e-03, 1.067554563618181018e-02, -1.776940760794301633e-02, -5.055719515937173031e-02, -8.107355271262133289e-01, -4.026057150994861999e-02, 5.818341356904824790e-01, 2.148234104261373054e-02, 1.635465574033790823e-02, -7.290826010973943117e-01, -3.241106995727436810e-03, 2.160584260651273250e-02, 7.740230035563207267e-02, -5.063910416075272786e-02, 6.703057832263022153e-02, 1.617743112460194241e-02, 
1403636583663555584, -6.416580690568211625e-04, 1.077609105308413757e-02, -5.288464966896276598e-02, -5.033437525952739328e-02, -8.155579563303246848e-01, -3.670459231920158300e-02, 5.753124746050778393e-01, 2.674030949657882003e-02, -1.249276818218020106e-02, -6.929103242101923854e-01, -3.176819858796528680e-03, 2.157449926119799771e-02, 7.742605697036003543e-02, -6.557887145758514724e-02, 6.246877223945902780e-02, 3.992921394396601285e-03, 
1403636583713555456, 7.356330390449728439e-04, 9.969139131957136316e-03, -8.614869463984300979e-02, -5.273003842451772644e-02, -8.217416694280071932e-01, -3.260624137184266885e-02, 5.664777178292381699e-01, 3.158820185485696624e-02, -1.014680069942919434e-02, -6.409152266290698563e-01, -3.150573779143907207e-03, 2.153697849197046613e-02, 7.738932927232676506e-02, -5.479259568787839263e-02, 6.661655095993770925e-02, 1.481770741068285865e-02, 
1403636583763555584, 2.698810186533214927e-03, 9.806070110330454906e-03, -1.175811431890530362e-01, -5.505645936396613704e-02, -8.281333475112587772e-01, -2.790590707499869885e-02, 5.571222535246839191e-01, 3.910083734052906268e-02, -7.071697693524557279e-03, -5.944136040412716371e-01, -3.146756002423228404e-03, 2.149189773028801695e-02, 7.730957403315713572e-02, -4.384286435431434398e-02, 6.584309207446073509e-02, 2.357096697833127932e-02, 
1403636583813555456, 4.953413113327174294e-03, 9.254317496386365791e-03, -1.459421072674506048e-01, -5.740088400946823793e-02, -8.335858640876243619e-01, -2.546680749862276216e-02, 5.488088805987455521e-01, 4.487991435118591360e-02, -5.628074462728798258e-03, -5.372436811216537711e-01, -3.086244774291529470e-03, 2.153662054846667076e-02, 7.740028806670386230e-02, -4.550654835516684815e-02, 6.309254963395549698e-02, 2.320095568351174947e-02, 
